"Family"	"Name"	"Wild"	"Status"	"Rarity"	"Type"
"Cannabaceae"	"Cannabaceae sp."	"Wild"	"Native"	1	"multispecies"
"Cannabaceae"	"Cannabis sativa"	"Introduced"	"Incidental import"	3	"species"
"Cannabaceae"	"Cannabis sp."	"Introduced"	"Incidental import"	3	"multispecies"
"Cannabaceae"	"Celtis australis"	"Introduced"	"Incidental import"	4	"species"
"Cannabaceae"	"Humulus lupulus"	"Wild"	"Native"	1	"species"
"Cannabaceae"	"Humulus scandens"	"Introduced"	"Incidental import"	4	"species"
"Cannabaceae"	"Humulus sp."	"Wild"	"Native"	1	"multispecies"
"Elaeagnaceae"	"Elaeagnaceae sp."	"Wild"	"Native"	2	"multispecies"
"Elaeagnaceae"	"Elaeagnus angustifolia"	"Wild"	"Naturalized"	3	"species"
"Elaeagnaceae"	"Elaeagnus macrophylla"	"Introduced"	"Incidental import"	4	"species"
"Elaeagnaceae"	"Elaeagnus multiflora"	"Introduced"	"Incidental import"	3	"species"
"Elaeagnaceae"	"Elaeagnus pungens"	"Introduced"	"Incidental import"	4	"species"
"Elaeagnaceae"	"Elaeagnus sp."	"Wild"	"Native"	3	"multispecies"
"Elaeagnaceae"	"Elaeagnus umbellata"	"Wild"	"Naturalized"	4	"species"
"Elaeagnaceae"	"Elaeagnus x submacrophylla (E. macrophylla x pungens)"	"Introduced"	"Incidental import"	3	"hybrid"
"Elaeagnaceae"	"Hippophae rhamnoides"	"Wild"	"Native"	2	"species"
"Elaeagnaceae"	"Hippophae rhamnoides subsp. fluviatilis"	"Introduced"	"Incidental import"	3	"subspecies"
"Elaeagnaceae"	"Hippophae rhamnoides subsp. rhamnoides"	"Wild"	"Native"	2	"subspecies"
"Elaeagnaceae"	"Hippophae sp."	"Wild"	"Native"	2	"multispecies"
"Moraceae"	"Broussonetia papyrifera"	"Introduced"	"Incidental import"	4	"species"
"Moraceae"	"Broussonetia sp."	"Introduced"	"Incidental import"	4	"multispecies"
"Moraceae"	"Ficus carica"	"Introduced"	"Incidental import"	3	"species"
"Moraceae"	"Ficus sp."	"Introduced"	"Incidental import"	3	"multispecies"
"Moraceae"	"Moraceae sp."	"Introduced"	"Incidental import"	3	"multispecies"
"Moraceae"	"Morus alba"	"Introduced"	"Incidental import"	4	"species"
"Moraceae"	"Morus nigra"	"Introduced"	"Incidental import"	3	"species"
"Moraceae"	"Morus sp."	"Introduced"	"Incidental import"	3	"multispecies"
"Rhamnaceae"	"Ceanothus sp."	"Introduced"	"Incidental import"	4	"multispecies"
"Rhamnaceae"	"Ceanothus x delilianus (C. americanus x coeruleus)"	"Introduced"	"Incidental import"	4	"hybrid"
"Rhamnaceae"	"Frangula alnus"	"Wild"	"Native"	1	"species"
"Rhamnaceae"	"Frangula sp."	"Wild"	"Native"	1	"multispecies"
"Rhamnaceae"	"Paliurus sp."	"Introduced"	"Incidental import"	4	"multispecies"
"Rhamnaceae"	"Paliurus spina-christi"	"Introduced"	"Incidental import"	4	"species"
"Rhamnaceae"	"Rhamnaceae sp."	"Wild"	"Native"	1	"multispecies"
"Rhamnaceae"	"Rhamnus alaternus"	"Introduced"	"Incidental / Vagrant / Migrant"	4	"species"
"Rhamnaceae"	"Rhamnus cathartica"	"Wild"	"Native"	2	"species"
"Rhamnaceae"	"Rhamnus frangula"	"Wild"	"Native"	1	"synonym"
"Rhamnaceae"	"Rhamnus sp."	"Wild"	"Native"	1	"multispecies"
"Rhamnaceae"	"Ziziphus lotus"	"Introduced"	"Incidental import"	4	"species"
"Rhamnaceae"	"Ziziphus sp."	"Introduced"	"Incidental import"	4	"multispecies"
"Rosaceae"	"Acaena caesiiglauca"	"Introduced"	"Incidental import"	4	"species"
"Rosaceae"	"Acaena magellanica"	"Introduced"	"Incidental import"	4	"species"
"Rosaceae"	"Acaena microphylla"	"Introduced"	"Incidental import"	4	"species"
"Rosaceae"	"Acaena sp."	"Introduced"	"Incidental import"	4	"multispecies"
"Rosaceae"	"Agrimonia eupatoria"	"Wild"	"Native"	2	"species"
"Rosaceae"	"Agrimonia procera"	"Wild"	"Native"	3	"species"
"Rosaceae"	"Agrimonia repens"	"Introduced"	"Incidental import"	3	"synonym"
"Rosaceae"	"Agrimonia sp."	"Wild"	"Native"	2	"multispecies"
"Rosaceae"	"Agrimonia x wirtgenii (A. eupatoria x procera)"	"Wild"	"Native"	4	"hybrid"
"Rosaceae"	"Alchemilla acutiloba"	"Wild"	"Native"	4	"species"
"Rosaceae"	"Alchemilla conjuncta"	"Introduced"	"Incidental import"	4	"species"
"Rosaceae"	"Alchemilla filicaulis"	"Wild"	"Native"	4	"species"
"Rosaceae"	"Alchemilla filicaulis subsp. filicaulis"	"Wild"	"Native"	4	"subspecies"
"Rosaceae"	"Alchemilla filicaulis subsp. vestita"	"Wild"	"Native"	4	"subspecies"
"Rosaceae"	"Alchemilla glabra"	"Wild"	"Native"	3	"species"
"Rosaceae"	"Alchemilla glaucescens"	"Wild"	"Native"	4	"species"
"Rosaceae"	"Alchemilla micans"	"Wild"	"Native"	4	"species"
"Rosaceae"	"Alchemilla mollis"	"Wild"	"Naturalized"	2	"species"
"Rosaceae"	"Alchemilla monticola"	"Wild"	"Native"	4	"species"
"Rosaceae"	"Alchemilla sp."	"Wild"	"Native"	2	"multispecies"
"Rosaceae"	"Alchemilla tytthantha"	"Introduced"	"Incidental import"	4	"species"
"Rosaceae"	"Alchemilla vulgaris"	"Wild"	"Native"	4	"synonym"
"Rosaceae"	"Alchemilla xanthochlora"	"Wild"	"Native"	3	"species"
"Rosaceae"	"Amelanchier lamarckii"	"Wild"	"Naturalized"	1	"species"
"Rosaceae"	"Amelanchier ovalis"	"Wild"	"Native"	4	"species"
"Rosaceae"	"Amelanchier ovalis subsp. embergeri"	"Wild"	"Native"	4	"subspecies"
"Rosaceae"	"Amelanchier sp."	"Wild"	"Native"	1	"multispecies"
"Rosaceae"	"Amelanchier spicata"	"Introduced"	"Incidental import"	4	"species"
"Rosaceae"	"Aphanes arvensis"	"Wild"	"Native"	2	"species"
"Rosaceae"	"Aphanes australis"	"Wild"	"Native"	1	"species"
"Rosaceae"	"Aphanes sp."	"Wild"	"Native"	1	"multispecies"
"Rosaceae"	"Aronia melanocarpa"	"Introduced"	"Incidental import"	4	"species"
"Rosaceae"	"Aronia sp."	"Wild"	"Naturalized"	3	"multispecies"
"Rosaceae"	"Aronia x prunifolia (A. arbutifolia x melanocarpa)"	"Wild"	"Naturalized"	3	"hybrid"
"Rosaceae"	"Aruncus dioicus"	"Introduced"	"Incidental import"	4	"species"
"Rosaceae"	"Aruncus sp."	"Introduced"	"Incidental import"	4	"multispecies"
"Rosaceae"	"Chaenomeles japonica"	"Introduced"	"Incidental import"	3	"species"
"Rosaceae"	"Chaenomeles sp."	"Introduced"	"Incidental import"	3	"multispecies"
"Rosaceae"	"Chaenomeles speciosa"	"Introduced"	"Incidental import"	3	"species"
"Rosaceae"	"Chaenomeles x superba (C. japonica x speciosa)"	"Introduced"	"Incidental import"	3	"hybrid"
"Rosaceae"	"Comarum palustre"	"Wild"	"Native"	2	"species"
"Rosaceae"	"Comarum sp."	"Wild"	"Native"	2	"multispecies"
"Rosaceae"	"Cotoneaster ambiguus"	"Introduced"	"Incidental import"	3	"species"
"Rosaceae"	"Cotoneaster ascendens"	"Introduced"	"Incidental import"	3	"species"
"Rosaceae"	"Cotoneaster beimashanensis"	"Introduced"	"Incidental import"	3	"species"
"Rosaceae"	"Cotoneaster boisianus"	"Introduced"	"Incidental import"	4	"species"
"Rosaceae"	"Cotoneaster bullatus"	"Introduced"	"Incidental import"	3	"species"
"Rosaceae"	"Cotoneaster bullatus var. macrophyllus"	"Wild"	"Naturalized"	3	"synonym"
"Rosaceae"	"Cotoneaster conspicuus"	"Introduced"	"Incidental import"	4	"species"
"Rosaceae"	"Cotoneaster coriaceus"	"Introduced"	"Incidental import"	4	"species"
"Rosaceae"	"Cotoneaster dammeri"	"Introduced"	"Incidental import"	3	"species"
"Rosaceae"	"Cotoneaster dielsianus"	"Wild"	"Naturalized"	2	"species"
"Rosaceae"	"Cotoneaster divaricatus"	"Wild"	"Naturalized"	3	"species"
"Rosaceae"	"Cotoneaster fangianus"	"Wild"	"Naturalized"	4	"species"
"Rosaceae"	"Cotoneaster foveolatus"	"Introduced"	"Incidental import"	4	"species"
"Rosaceae"	"Cotoneaster franchetii"	"Wild"	"Naturalized"	2	"species"
"Rosaceae"	"Cotoneaster fruticosus"	"Introduced"	"Incidental import"	4	"species"
"Rosaceae"	"Cotoneaster ganghobaensis"	"Introduced"	"Incidental import"	4	"species"
"Rosaceae"	"Cotoneaster hjelmqvistii"	"Wild"	"Naturalized"	2	"species"
"Rosaceae"	"Cotoneaster horizontalis"	"Wild"	"Naturalized"	2	"species"
"Rosaceae"	"Cotoneaster hylmoei"	"Introduced"	"Incidental import"	4	"species"
"Rosaceae"	"Cotoneaster integerrimus"	"Wild"	"Native"	4	"species"
"Rosaceae"	"Cotoneaster integrifolius"	"Introduced"	"Incidental import"	4	"species"
"Rosaceae"	"Cotoneaster lacteus"	"Introduced"	"Incidental import"	3	"synonym"
"Rosaceae"	"Cotoneaster laetevirens"	"Introduced"	"Incidental import"	4	"species"
"Rosaceae"	"Cotoneaster lucidus"	"Introduced"	"Incidental import"	4	"species"
"Rosaceae"	"Cotoneaster mairei"	"Introduced"	"Incidental import"	4	"species"
"Rosaceae"	"Cotoneaster moupinensis"	"Introduced"	"Incidental import"	3	"species"
"Rosaceae"	"Cotoneaster nanshan"	"Introduced"	"Incidental import"	4	"species"
"Rosaceae"	"Cotoneaster qungbixiensis"	"Introduced"	"Incidental import"	4	"species"
"Rosaceae"	"Cotoneaster rehderi"	"Wild"	"Naturalized"	3	"species"
"Rosaceae"	"Cotoneaster salicifolius"	"Wild"	"Naturalized"	3	"species"
"Rosaceae"	"Cotoneaster simonsii"	"Wild"	"Naturalized"	3	"species"
"Rosaceae"	"Cotoneaster sp."	"Wild"	"Native"	1	"multispecies"
"Rosaceae"	"Cotoneaster sternianus"	"Wild"	"Naturalized"	3	"species"
"Rosaceae"	"Cotoneaster thymifolius"	"Introduced"	"Incidental import"	4	"species"
"Rosaceae"	"Cotoneaster villosulus"	"Wild"	"Naturalized"	3	"species"
"Rosaceae"	"Cotoneaster x suecicus (C. conspicuus x dammeri)"	"Introduced"	"Incidental import"	3	"hybrid"
"Rosaceae"	"Cotoneaster x watereri (C. frigidus x salicifolius)"	"Introduced"	"Incidental import"	3	"hybrid"
"Rosaceae"	"Cotoneaster zabelii"	"Introduced"	"Incidental import"	4	"species"
"Rosaceae"	"Crataegus coccinea"	"Introduced"	"Incidental import"	4	"species"
"Rosaceae"	"Crataegus laevigata"	"Wild"	"Native"	2	"species"
"Rosaceae"	"Crataegus laevigata subsp. laevigata"	"Wild"	"Native"	2	"subspecies"
"Rosaceae"	"Crataegus laevigata subsp. palmstruchii"	"Wild"	"Native"	4	"subspecies"
"Rosaceae"	"Crataegus monogyna"	"Wild"	"Native"	1	"species"
"Rosaceae"	"Crataegus pedicellata"	"Introduced"	"Incidental import"	4	"species"
"Rosaceae"	"Crataegus persimilis"	"Introduced"	"Incidental import"	4	"species"
"Rosaceae"	"Crataegus rosiformis"	"Wild"	"Native"	4	"synonym"
"Rosaceae"	"Crataegus sp."	"Wild"	"Native"	1	"multispecies"
"Rosaceae"	"Crataegus x kyrtostyla (C. monogyna x rhipidophylla)"	"Wild"	"Native"	4	"synonym"
"Rosaceae"	"Crataegus x lavallei (C. pubescens x crus-galli)"	"Introduced"	"Incidental import"	4	"hybrid"
"Rosaceae"	"Crataegus x macrocarpa (C. laevigata x rhipidophylla)"	"Wild"	"Native"	4	"hybrid"
"Rosaceae"	"Crataegus x media (C. laevigata x monogyna)"	"Wild"	"Native"	3	"hybrid"
"Rosaceae"	"Crataegus x subsphaerica (C. monogyna x rhipidophylla)"	"Wild"	"Native"	4	"hybrid"
"Rosaceae"	"Cydonia oblonga"	"Introduced"	"Incidental import"	3	"species"
"Rosaceae"	"Cydonia sp."	"Introduced"	"Incidental import"	3	"multispecies"
"Rosaceae"	"Dasiphora davurica"	"Introduced"	"Incidental import"	4	"species"
"Rosaceae"	"Dasiphora davurica var. mandshurica"	"Introduced"	"Incidental import"	4	"variant"
"Rosaceae"	"Dasiphora fruticosa"	"Introduced"	"Incidental import"	3	"species"
"Rosaceae"	"Dasiphora sp."	"Introduced"	"Incidental import"	3	"multispecies"
"Rosaceae"	"Duchesnea indica"	"Wild"	"Naturalized"	1	"synonym"
"Rosaceae"	"Duchesnea sp."	"Wild"	"Naturalized"	1	"multispecies"
"Rosaceae"	"Eriobotrya japonica"	"Introduced"	"Incidental import"	4	"species"
"Rosaceae"	"Eriobotrya sp."	"Introduced"	"Incidental import"	4	"multispecies"
"Rosaceae"	"Eriolobus tschonoskii"	"Introduced"	"Incidental import"	4	"synonym"
"Rosaceae"	"Filipendula palmata"	"Introduced"	"Incidental import"	4	"species"
"Rosaceae"	"Filipendula sp."	"Wild"	"Native"	1	"multispecies"
"Rosaceae"	"Filipendula ulmaria"	"Wild"	"Native"	1	"species"
"Rosaceae"	"Filipendula ulmaria var. denudata"	"Wild"	"Native"	2	"variant"
"Rosaceae"	"Filipendula ulmaria var. ulmaria"	"Wild"	"Native"	1	"variant"
"Rosaceae"	"Filipendula vulgaris"	"Wild"	"Native"	4	"species"
"Rosaceae"	"Fragaria moschata"	"Wild"	"Native"	4	"species"
"Rosaceae"	"Fragaria sp."	"Wild"	"Native"	2	"multispecies"
"Rosaceae"	"Fragaria vesca"	"Wild"	"Native"	2	"species"
"Rosaceae"	"Fragaria vesca + Fragaria moschata"	"Wild"	"Native"	2	"multispecies"
"Rosaceae"	"Fragaria viridis"	"Wild"	"Native"	3	"species"
"Rosaceae"	"Fragaria x ananassa (F. virginiana x chiloensis)"	"Introduced"	"Incidental import"	2	"hybrid"
"Rosaceae"	"Geum macrophyllum"	"Wild"	"Naturalized"	3	"species"
"Rosaceae"	"Geum quellyon"	"Introduced"	"Incidental import"	4	"species"
"Rosaceae"	"Geum rivale"	"Wild"	"Native"	3	"species"
"Rosaceae"	"Geum sp."	"Wild"	"Native"	1	"multispecies"
"Rosaceae"	"Geum ternatum"	"Introduced"	"Incidental import"	3	"synonym"
"Rosaceae"	"Geum urbanum"	"Wild"	"Native"	1	"species"
"Rosaceae"	"Geum x convallis (G. macrophyllum x urbanum)"	"Introduced"	"Expected"	4	"hybrid"
"Rosaceae"	"Geum x intermedium (G. rivale x urbanum)"	"Wild"	"Native"	4	"hybrid"
"Rosaceae"	"Kerria japonica"	"Introduced"	"Incidental import"	3	"species"
"Rosaceae"	"Kerria sp."	"Introduced"	"Incidental import"	3	"multispecies"
"Rosaceae"	"Malus baccata"	"Introduced"	"Incidental import"	4	"species"
"Rosaceae"	"Malus domestica"	"Introduced"	"Incidental import"	2	"synonym"
"Rosaceae"	"Malus sieboldii"	"Introduced"	"Incidental import"	4	"species"
"Rosaceae"	"Malus sp."	"Wild"	"Native"	1	"multispecies"
"Rosaceae"	"Malus sp. (cultivar)"	"Introduced"	"Incidental import"	2	"multispecies"
"Rosaceae"	"Malus sylvestris"	"Wild"	"Native"	2	"species"
"Rosaceae"	"Malus sylvestris subsp. mitis"	"Introduced"	"Incidental import"	2	"synonym"
"Rosaceae"	"Malus sylvestris subsp. sylvestris"	"Wild"	"Native"	3	"subspecies"
"Rosaceae"	"Malus toringo"	"Introduced"	"Incidental import"	4	"species"
"Rosaceae"	"Malus x domestica"	"Introduced"	"Incidental import"	2	"hybrid"
"Rosaceae"	"Malus x prunifolia"	"Introduced"	"Incidental import"	4	"hybrid"
"Rosaceae"	"Malus x purpurea (M. niedzwetzkvana x atrosanguinea)"	"Introduced"	"Incidental import"	4	"hybrid"
"Rosaceae"	"Mespilus germanica"	"Wild"	"Naturalized"	3	"species"
"Rosaceae"	"Mespilus sp."	"Wild"	"Native"	3	"multispecies"
"Rosaceae"	"Neillia incisa"	"Introduced"	"Incidental import"	4	"species"
"Rosaceae"	"Neillia sp."	"Introduced"	"Incidental import"	4	"multispecies"
"Rosaceae"	"Neillia tanakae"	"Introduced"	"Incidental import"	4	"species"
"Rosaceae"	"Pentaphylloides davurica"	"Introduced"	"Incidental import"	4	"species"
"Rosaceae"	"Pentaphylloides sp."	"Introduced"	"Incidental import"	4	"multispecies"
"Rosaceae"	"Photinia davidiana"	"Introduced"	"Incidental import"	4	"synonym"
"Rosaceae"	"Photinia sp."	"Introduced"	"Incidental import"	3	"multispecies"
"Rosaceae"	"Photinia villosa"	"Introduced"	"Incidental import"	3	"species"
"Rosaceae"	"Physocarpus opulifolius"	"Wild"	"Naturalized"	3	"species"
"Rosaceae"	"Physocarpus sp."	"Wild"	"Native"	3	"multispecies"
"Rosaceae"	"Potentilla anglica"	"Wild"	"Native"	2	"species"
"Rosaceae"	"Potentilla anglica + Potentilla reptans"	"Wild"	"Native"	2	"multispecies"
"Rosaceae"	"Potentilla anserina"	"Wild"	"Native"	1	"species"
"Rosaceae"	"Potentilla anserina subsp. anserina"	"Wild"	"Native"	1	"subspecies"
"Rosaceae"	"Potentilla argentea"	"Wild"	"Native"	2	"species"
"Rosaceae"	"Potentilla atrosanguinea"	"Introduced"	"Incidental import"	4	"species"
"Rosaceae"	"Potentilla erecta"	"Wild"	"Native"	2	"species"
"Rosaceae"	"Potentilla fruticosa"	"Introduced"	"Incidental import"	3	"synonym"
"Rosaceae"	"Potentilla glabrata"	"Introduced"	"Incidental import"	4	"synonym"
"Rosaceae"	"Potentilla incana"	"Wild"	"Native"	4	"species"
"Rosaceae"	"Potentilla inclinata"	"Wild"	"Naturalized"	4	"species"
"Rosaceae"	"Potentilla indica"	"Wild"	"Naturalized"	1	"species"
"Rosaceae"	"Potentilla intermedia"	"Wild"	"Naturalized"	3	"species"
"Rosaceae"	"Potentilla leucopolitana"	"Wild"	"Native"	4	"species"
"Rosaceae"	"Potentilla montana"	"Introduced"	"Incidental import"	4	"species"
"Rosaceae"	"Potentilla neglecta"	"Introduced"	"Insufficient data"	3	"species"
"Rosaceae"	"Potentilla nepalensis"	"Introduced"	"Incidental import"	4	"species"
"Rosaceae"	"Potentilla neumanniana"	"Wild"	"Native"	3	"synonym"
"Rosaceae"	"Potentilla norvegica"	"Introduced"	"Incidental import"	3	"species"
"Rosaceae"	"Potentilla norvegica subsp. hirsuta"	"Wild"	"Naturalized"	3	"subspecies"
"Rosaceae"	"Potentilla norvegica subsp. norvegica"	"Introduced"	"Incidental import"	4	"subspecies"
"Rosaceae"	"Potentilla recta"	"Introduced"	"Incidental import"	2	"species"
"Rosaceae"	"Potentilla recta subsp. obscura"	"Introduced"	"Incidental import"	4	"subspecies"
"Rosaceae"	"Potentilla recta subsp. recta"	"Wild"	"Naturalized"	2	"subspecies"
"Rosaceae"	"Potentilla reptans"	"Wild"	"Native"	1	"species"
"Rosaceae"	"Potentilla rivalis"	"Wild"	"Naturalized"	4	"species"
"Rosaceae"	"Potentilla rupestris"	"Wild"	"Native"	4	"species"
"Rosaceae"	"Potentilla sp."	"Wild"	"Native"	1	"multispecies"
"Rosaceae"	"Potentilla sterilis"	"Wild"	"Native"	3	"species"
"Rosaceae"	"Potentilla supina"	"Wild"	"Native"	4	"species"
"Rosaceae"	"Potentilla supina subsp. costata"	"Introduced"	"Incidental import"	4	"subspecies"
"Rosaceae"	"Potentilla tabernaemontani"	"Wild"	"Native"	3	"species"
"Rosaceae"	"Potentilla x mixta (P. anglica x reptans)"	"Wild"	"Native"	3	"hybrid"
"Rosaceae"	"Potentilla x semiargentea (P. argentea x inclinata)"	"Introduced"	"Incidental import"	4	"hybrid"
"Rosaceae"	"Potentilla x suberecta (P. anglica x erecta)"	"Wild"	"Native"	3	"hybrid"
"Rosaceae"	"Poterium sanguisorba"	"Wild"	"Native"	2	"species"
"Rosaceae"	"Poterium sanguisorba subsp. balearicum"	"Introduced"	"Incidental import"	3	"subspecies"
"Rosaceae"	"Poterium sanguisorba subsp. sanguisorba"	"Wild"	"Native"	3	"subspecies"
"Rosaceae"	"Poterium sp."	"Wild"	"Native"	3	"multispecies"
"Rosaceae"	"Poterium sp. + Sanguisorba sp."	"Wild"	"Native"	2	"multispecies"
"Rosaceae"	"Prunus armeniaca"	"Introduced"	"Incidental import"	4	"species"
"Rosaceae"	"Prunus avium"	"Wild"	"Native"	1	"species"
"Rosaceae"	"Prunus avium subsp. avium"	"Wild"	"Native"	1	"subspecies"
"Rosaceae"	"Prunus avium subsp. juliana"	"Introduced"	"Incidental import"	4	"subspecies"
"Rosaceae"	"Prunus cerasifera"	"Wild"	"Naturalized"	3	"species"
"Rosaceae"	"Prunus cerasifera var. cerasifera"	"Wild"	"Naturalized"	3	"variant"
"Rosaceae"	"Prunus cerasifera var. pissardii"	"Wild"	"Naturalized"	3	"variant"
"Rosaceae"	"Prunus cerasifera var. spaethiana"	"Wild"	"Naturalized"	3	"variant"
"Rosaceae"	"Prunus cerasus"	"Wild"	"Naturalized"	3	"species"
"Rosaceae"	"Prunus domestica"	"Introduced"	"Incidental import"	2	"species"
"Rosaceae"	"Prunus domestica subsp. domestica"	"Introduced"	"Incidental import"	2	"subspecies"
"Rosaceae"	"Prunus domestica subsp. insititia"	"Wild"	"Naturalized"	3	"subspecies"
"Rosaceae"	"Prunus domestica subsp. syriaca"	"Introduced"	"Incidental import"	4	"subspecies"
"Rosaceae"	"Prunus incisa"	"Introduced"	"Exotic"	4	"species"
"Rosaceae"	"Prunus laurocerasus"	"Wild"	"Naturalized"	1	"species"
"Rosaceae"	"Prunus lusitanica"	"Introduced"	"Incidental import"	4	"species"
"Rosaceae"	"Prunus mahaleb"	"Wild"	"Native"	3	"species"
"Rosaceae"	"Prunus padus"	"Wild"	"Native"	1	"species"
"Rosaceae"	"Prunus persica"	"Introduced"	"Incidental import"	3	"species"
"Rosaceae"	"Prunus serotina"	"Wild"	"Naturalized"	1	"species"
"Rosaceae"	"Prunus serrulata"	"Introduced"	"Incidental import"	3	"species"
"Rosaceae"	"Prunus sp."	"Wild"	"Native"	1	"multispecies"
"Rosaceae"	"Prunus spinosa"	"Wild"	"Native"	1	"species"
"Rosaceae"	"Prunus tomentosa"	"Introduced"	"Incidental import"	4	"species"
"Rosaceae"	"Prunus virginiana"	"Introduced"	"Incidental import"	3	"species"
"Rosaceae"	"Prunus x fruticans (P. domestica subsp. insititia x spinosa)"	"Introduced"	"Incidental import"	4	"hybrid"
"Rosaceae"	"Prunus x simmleri (P. cerasifera x spinosa)"	"Wild"	"Native"	4	"hybrid"
"Rosaceae"	"Pyracantha coccinea"	"Introduced"	"Incidental import"	3	"species"
"Rosaceae"	"Pyracantha crenatoserrata"	"Introduced"	"Incidental import"	4	"species"
"Rosaceae"	"Pyracantha sp."	"Introduced"	"Incidental import"	3	"multispecies"
"Rosaceae"	"Pyrus calleryana"	"Introduced"	"Exotic"	4	"species"
"Rosaceae"	"Pyrus communis"	"Introduced"	"Incidental import"	2	"species"
"Rosaceae"	"Pyrus pyraster"	"Wild"	"Native"	3	"species"
"Rosaceae"	"Pyrus salicifolia"	"Introduced"	"Incidental import"	4	"species"
"Rosaceae"	"Pyrus sp."	"Wild"	"Native"	2	"multispecies"
"Rosaceae"	"Rhodotypos scandens"	"Introduced"	"Incidental import"	4	"species"
"Rosaceae"	"Rhodotypos sp."	"Introduced"	"Incidental import"	4	"multispecies"
"Rosaceae"	"Rosa 'Hollandica'"	"Introduced"	"Incidental import"	3	"hybrid"
"Rosaceae"	"Rosa agrestis"	"Wild"	"Native"	3	"species"
"Rosaceae"	"Rosa arvensis"	"Wild"	"Native"	3	"species"
"Rosaceae"	"Rosa blanda"	"Wild"	"Extinct"	3	"species"
"Rosaceae"	"Rosa caesia"	"Wild"	"Native"	4	"species"
"Rosaceae"	"Rosa canina s.l."	"Wild"	"Native"	1	"synonym"
"Rosaceae"	"Rosa canina s.s."	"Wild"	"Native"	2	"species"
"Rosaceae"	"Rosa canina x Rosa squarrosa"	"Wild"	"Native"	4	"hybrid"
"Rosaceae"	"Rosa chinensis"	"Introduced"	"Incidental import"	4	"species"
"Rosaceae"	"Rosa corymbifera"	"Wild"	"Native"	2	"species"
"Rosaceae"	"Rosa corymbifera x Rosa tomentella"	"Wild"	"Native"	4	"hybrid"
"Rosaceae"	"Rosa deseglisei"	"Wild"	"Native"	3	"synonym"
"Rosaceae"	"Rosa dumalis"	"Wild"	"Native"	4	"synonym"
"Rosaceae"	"Rosa elliptica"	"Wild"	"Native"	4	"species"
"Rosaceae"	"Rosa gallica"	"Introduced"	"Incidental import"	4	"species"
"Rosaceae"	"Rosa glauca"	"Introduced"	"Incidental import"	4	"species"
"Rosaceae"	"Rosa henkeri-schulzei"	"Wild"	"Native"	4	"synonym"
"Rosaceae"	"Rosa inodora"	"Wild"	"Native"	4	"synonym"
"Rosaceae"	"Rosa majalis"	"Wild"	"Extinct"	3	"species"
"Rosaceae"	"Rosa micrantha"	"Wild"	"Native"	3	"species"
"Rosaceae"	"Rosa multiflora"	"Wild"	"Naturalized"	2	"species"
"Rosaceae"	"Rosa nitida"	"Introduced"	"Incidental import"	3	"species"
"Rosaceae"	"Rosa nitidula"	"Wild"	"Native"	4	"synonym"
"Rosaceae"	"Rosa pendulina"	"Introduced"	"Incidental import"	4	"species"
"Rosaceae"	"Rosa pseudoscabriuscula"	"Wild"	"Native"	3	"synonym"
"Rosaceae"	"Rosa rubiginosa"	"Wild"	"Native"	2	"species"
"Rosaceae"	"Rosa rugosa"	"Wild"	"Naturalized"	2	"species"
"Rosaceae"	"Rosa sherardii"	"Wild"	"Native"	4	"species"
"Rosaceae"	"Rosa sp."	"Wild"	"Native"	1	"multispecies"
"Rosaceae"	"Rosa spinosissima"	"Wild"	"Native"	2	"species"
"Rosaceae"	"Rosa spinosissima x Rosa vosagiaca"	"Wild"	"Native"	4	"hybrid"
"Rosaceae"	"Rosa squarrosa"	"Wild"	"Native"	4	"species"
"Rosaceae"	"Rosa squarrosa x Rosa stylosa"	"Wild"	"Native"	4	"hybrid"
"Rosaceae"	"Rosa squarrosa x Rosa vosagiaca"	"Wild"	"Native"	4	"synonym"
"Rosaceae"	"Rosa stylosa"	"Wild"	"Native"	3	"species"
"Rosaceae"	"Rosa subcanina"	"Wild"	"Native"	3	"synonym"
"Rosaceae"	"Rosa subcollina"	"Wild"	"Native"	3	"synonym"
"Rosaceae"	"Rosa Subsec. Caninae"	"Wild"	"Native"	1	"multispecies"
"Rosaceae"	"Rosa Subsec. Rubigineae"	"Wild"	"Native"	2	"multispecies"
"Rosaceae"	"Rosa Subsec. Vestitae"	"Wild"	"Native"	3	"multispecies"
"Rosaceae"	"Rosa tomentella"	"Wild"	"Native"	2	"species"
"Rosaceae"	"Rosa tomentosa"	"Wild"	"Native"	3	"species"
"Rosaceae"	"Rosa villosa"	"Wild"	"Native"	4	"species"
"Rosaceae"	"Rosa virginiana"	"Introduced"	"Incidental import"	3	"species"
"Rosaceae"	"Rosa vosagiaca"	"Wild"	"Native"	3	"species"
"Rosaceae"	"Rosa x andegavensis (R. canina x stylosa)"	"Wild"	"Native"	3	"hybrid"
"Rosaceae"	"Rosa x andrzejowskii (R. spinosissima x tomentosa)"	"Wild"	"Native"	4	"hybrid"
"Rosaceae"	"Rosa x avrayensis (R. rubiginosa x tomentosa)"	"Wild"	"Native"	4	"hybrid"
"Rosaceae"	"Rosa x biturigensis (R. rubiginosa x spinosissima)"	"Wild"	"Native"	4	"hybrid"
"Rosaceae"	"Rosa x consanguinea (R. arvensis x rubiginosa)"	"Wild"	"Native"	3	"hybrid"
"Rosaceae"	"Rosa x coronata (R. spinosissima x tomentosa)"	"Wild"	"Native"	3	"synonym"
"Rosaceae"	"Rosa x dumetorum (R. canina x tomentella)"	"Wild"	"Native"	4	"hybrid"
"Rosaceae"	"Rosa x gremlii (R. micrantha x rubiginosa)"	"Wild"	"Native"	4	"hybrid"
"Rosaceae"	"Rosa x grovesii (R. canina x spinosissima)"	"Wild"	"Native"	4	"hybrid"
"Rosaceae"	"Rosa x hibernica (R. corymbifera x spinosissima)"	"Wild"	"Native"	4	"hybrid"
"Rosaceae"	"Rosa x inodora (R. agrestis x elliptica)"	"Wild"	"Native"	4	"species"
"Rosaceae"	"Rosa x irregularis (R. arvensis x canina)"	"Wild"	"Native"	4	"synonym"
"Rosaceae"	"Rosa x margerisonii (R. caesia x spinosissima)"	"Wild"	"Native"	4	"hybrid"
"Rosaceae"	"Rosa x nitidula (R. canina x rubiginosa)"	"Wild"	"Native"	3	"hybrid"
"Rosaceae"	"Rosa x scabriuscula (R. canina x tomentosa)"	"Wild"	"Native"	3	"hybrid"
"Rosaceae"	"Rosa x subcanina (R. canina x vosagiaca)"	"Wild"	"Native"	3	"hybrid"
"Rosaceae"	"Rosa x subcollina (R. caesia x corymbifera)"	"Wild"	"Native"	3	"hybrid"
"Rosaceae"	"Rosa x suberectiformis (R. sherardii x tomentosa)"	"Wild"	"Native"	4	"hybrid"
"Rosaceae"	"Rosa x timbalii (R. rubiginosa x tomentella)"	"Wild"	"Native"	4	"hybrid"
"Rosaceae"	"Rosa x verticillacantha (R. arvensis x canina)"	"Wild"	"Native"	3	"hybrid"
"Rosaceae"	"Rosaceae sp."	"Wild"	"Native"	1	"multispecies"
"Rosaceae"	"Rubus aciodontus"	"Wild"	"Native"	3	"subspecies"
"Rosaceae"	"Rubus acridentulus"	"Wild"	"Native"	2	"synonym"
"Rosaceae"	"Rubus aculeolatus"	"Wild"	"Native"	3	"subspecies"
"Rosaceae"	"Rubus acutipetalus"	"Wild"	"Native"	3	"subspecies"
"Rosaceae"	"Rubus adenoleucus"	"Wild"	"Native"	3	"subspecies"
"Rosaceae"	"Rubus adornatus"	"Wild"	"Native"	3	"subspecies"
"Rosaceae"	"Rubus adscitus"	"Wild"	"Native"	3	"subspecies"
"Rosaceae"	"Rubus adspersus"	"Wild"	"Native"	1	"subspecies"
"Rosaceae"	"Rubus affinis"	"Wild"	"Native"	3	"subspecies"
"Rosaceae"	"Rubus aggregatus"	"Wild"	"Native"	3	"subspecies"
"Rosaceae"	"Rubus ambigens"	"Wild"	"Native"	2	"subspecies"
"Rosaceae"	"Rubus ambulans"	"Wild"	"Native"	3	"subspecies"
"Rosaceae"	"Rubus amiantinus"	"Wild"	"Native"	3	"subspecies"
"Rosaceae"	"Rubus ammobius"	"Wild"	"Native"	3	"subspecies"
"Rosaceae"	"Rubus amplificatus"	"Wild"	"Native"	3	"subspecies"
"Rosaceae"	"Rubus ancistrophorus"	"Wild"	"Native"	3	"subspecies"
"Rosaceae"	"Rubus andegavensis"	"Wild"	"Native"	3	"subspecies"
"Rosaceae"	"Rubus anglobelgicus"	"Wild"	"Native"	3	"subspecies"
"Rosaceae"	"Rubus apertiflorus"	"Wild"	"Native"	3	"subspecies"
"Rosaceae"	"Rubus apricus"	"Wild"	"Native"	3	"synonym"
"Rosaceae"	"Rubus arduennensis"	"Wild"	"Native"	2	"subspecies"
"Rosaceae"	"Rubus armeniacus"	"Wild"	"Naturalized"	2	"subspecies"
"Rosaceae"	"Rubus armipotens"	"Wild"	"Native"	3	"subspecies"
"Rosaceae"	"Rubus arrheniiformis"	"Wild"	"Native"	2	"subspecies"
"Rosaceae"	"Rubus asperidens"	"Wild"	"Native"	3	"subspecies"
"Rosaceae"	"Rubus atrebatum"	"Wild"	"Native"	4	"subspecies"
"Rosaceae"	"Rubus axillaris"	"Wild"	"Native"	3	"subspecies"
"Rosaceae"	"Rubus baronicus"	"Wild"	"Native"	2	"subspecies"
"Rosaceae"	"Rubus baruthicus"	"Wild"	"Native"	3	"subspecies"
"Rosaceae"	"Rubus bellardii"	"Wild"	"Native"	2	"synonym"
"Rosaceae"	"Rubus bertramii"	"Wild"	"Native"	2	"subspecies"
"Rosaceae"	"Rubus bifrons"	"Wild"	"Native"	3	"subspecies"
"Rosaceae"	"Rubus bonus-henricus"	"Wild"	"Native"	3	"subspecies"
"Rosaceae"	"Rubus bracteosus"	"Wild"	"Native"	4	"subspecies"
"Rosaceae"	"Rubus braeuckeriformis"	"Wild"	"Native"	3	"subspecies"
"Rosaceae"	"Rubus britannicus"	"Wild"	"Native"	4	"subspecies"
"Rosaceae"	"Rubus brittonii"	"Wild"	"Native"	3	"subspecies"
"Rosaceae"	"Rubus caeresiensis"	"Wild"	"Native"	2	"subspecies"
"Rosaceae"	"Rubus caesius"	"Wild"	"Native"	1	"species"
"Rosaceae"	"Rubus calotemnus"	"Wild"	"Native"	3	"subspecies"
"Rosaceae"	"Rubus calvus"	"Wild"	"Native"	3	"subspecies"
"Rosaceae"	"Rubus calyculatus"	"Wild"	"Native"	3	"subspecies"
"Rosaceae"	"Rubus campaniensis"	"Wild"	"Native"	2	"subspecies"
"Rosaceae"	"Rubus camptostachys"	"Wild"	"Native"	2	"subspecies"
"Rosaceae"	"Rubus canadensis"	"Introduced"	"Incidental import"	4	"subspecies"
"Rosaceae"	"Rubus canescens"	"Wild"	"Native"	3	"subspecies"
"Rosaceae"	"Rubus caninitergi"	"Wild"	"Native"	3	"subspecies"
"Rosaceae"	"Rubus cardiophyllus"	"Wild"	"Native"	3	"subspecies"
"Rosaceae"	"Rubus ceratifolius"	"Wild"	"Native"	3	"subspecies"
"Rosaceae"	"Rubus chenonii"	"Wild"	"Native"	3	"subspecies"
"Rosaceae"	"Rubus cinerascens"	"Wild"	"Native"	3	"subspecies"
"Rosaceae"	"Rubus cissburiensis"	"Wild"	"Native"	3	"subspecies"
"Rosaceae"	"Rubus clethrophilus"	"Wild"	"Native"	3	"subspecies"
"Rosaceae"	"Rubus cockburnianus"	"Introduced"	"Incidental import"	4	"species"
"Rosaceae"	"Rubus condensatus"	"Wild"	"Native"	3	"subspecies"
"Rosaceae"	"Rubus confusidens"	"Wild"	"Native"	4	"subspecies"
"Rosaceae"	"Rubus conjungens"	"Wild"	"Native"	3	"subspecies"
"Rosaceae"	"Rubus conspicuus"	"Wild"	"Native"	3	"subspecies"
"Rosaceae"	"Rubus constrictus"	"Wild"	"Native"	4	"subspecies"
"Rosaceae"	"Rubus cordatifolius"	"Wild"	"Native"	3	"subspecies"
"Rosaceae"	"Rubus coronatus"	"Wild"	"Native"	3	"subspecies"
"Rosaceae"	"Rubus corylifolius"	"Wild"	"Native"	2	"synonym"
"Rosaceae"	"Rubus crepinii"	"Wild"	"Native"	3	"subspecies"
"Rosaceae"	"Rubus cretatus"	"Wild"	"Native"	3	"subspecies"
"Rosaceae"	"Rubus cuspidatus"	"Wild"	"Native"	4	"subspecies"
"Rosaceae"	"Rubus cuspidiferus"	"Wild"	"Native"	3	"subspecies"
"Rosaceae"	"Rubus dejonghii"	"Wild"	"Native"	2	"subspecies"
"Rosaceae"	"Rubus delectus"	"Wild"	"Native"	3	"subspecies"
"Rosaceae"	"Rubus dentatifolius"	"Wild"	"Native"	3	"subspecies"
"Rosaceae"	"Rubus derasifolius"	"Wild"	"Native"	3	"subspecies"
"Rosaceae"	"Rubus deruyveri"	"Wild"	"Native"	3	"subspecies"
"Rosaceae"	"Rubus divaricatus"	"Wild"	"Native"	2	"subspecies"
"Rosaceae"	"Rubus drymophilus"	"Wild"	"Native"	2	"subspecies"
"Rosaceae"	"Rubus eglandulosus"	"Wild"	"Native"	2	"subspecies"
"Rosaceae"	"Rubus eifeliensis"	"Wild"	"Native"	3	"subspecies"
"Rosaceae"	"Rubus elegantispinosus"	"Wild"	"Native"	4	"subspecies"
"Rosaceae"	"Rubus erubescens"	"Wild"	"Native"	2	"subspecies"
"Rosaceae"	"Rubus euchloos"	"Wild"	"Native"	3	"subspecies"
"Rosaceae"	"Rubus euryanthemus"	"Wild"	"Native"	2	"subspecies"
"Rosaceae"	"Rubus fasciculatiformis"	"Wild"	"Native"	4	"subspecies"
"Rosaceae"	"Rubus ferocior"	"Wild"	"Native"	4	"subspecies"
"Rosaceae"	"Rubus fimbriifolius"	"Wild"	"Native"	3	"subspecies"
"Rosaceae"	"Rubus flaccidifolius"	"Wild"	"Native"	3	"subspecies"
"Rosaceae"	"Rubus flavescens"	"Wild"	"Native"	3	"subspecies"
"Rosaceae"	"Rubus flexuosus"	"Wild"	"Native"	2	"synonym"
"Rosaceae"	"Rubus foliosus"	"Wild"	"Native"	2	"subspecies"
"Rosaceae"	"Rubus fontivagus"	"Wild"	"Native"	4	"subspecies"
"Rosaceae"	"Rubus frederici"	"Wild"	"Native"	2	"subspecies"
"Rosaceae"	"Rubus fruticosus"	"Wild"	"Native"	1	"synonym"
"Rosaceae"	"Rubus fruticosus s.s."	"Wild"	"Native"	2	"synonym"
"Rosaceae"	"Rubus fruticosus var. inermis"	"Introduced"	"Incidental import"	3	"variant"
"Rosaceae"	"Rubus furvicolor"	"Wild"	"Native"	4	"subspecies"
"Rosaceae"	"Rubus fuscicaulis"	"Wild"	"Native"	3	"subspecies"
"Rosaceae"	"Rubus fuscus"	"Wild"	"Native"	3	"subspecies"
"Rosaceae"	"Rubus geniculatus"	"Wild"	"Native"	1	"subspecies"
"Rosaceae"	"Rubus geromensis"	"Wild"	"Native"	4	"subspecies"
"Rosaceae"	"Rubus glareosus"	"Wild"	"Native"	2	"subspecies"
"Rosaceae"	"Rubus goniophorus"	"Wild"	"Native"	3	"subspecies"
"Rosaceae"	"Rubus grabowskii"	"Wild"	"Native"	3	"subspecies"
"Rosaceae"	"Rubus granulatus"	"Wild"	"Native"	3	"subspecies"
"Rosaceae"	"Rubus gratiosus"	"Wild"	"Native"	3	"subspecies"
"Rosaceae"	"Rubus gratus"	"Wild"	"Native"	2	"subspecies"
"Rosaceae"	"Rubus gravetii"	"Wild"	"Native"	3	"subspecies"
"Rosaceae"	"Rubus gremlii"	"Wild"	"Native"	3	"synonym"
"Rosaceae"	"Rubus grossus"	"Wild"	"Native"	4	"subspecies"
"Rosaceae"	"Rubus grypacanthus"	"Wild"	"Native"	3	"subspecies"
"Rosaceae"	"Rubus henrici-weberi"	"Wild"	"Native"	2	"subspecies"
"Rosaceae"	"Rubus horrefactus"	"Wild"	"Native"	4	"subspecies"
"Rosaceae"	"Rubus horripilus"	"Wild"	"Native"	3	"subspecies"
"Rosaceae"	"Rubus hylonomus"	"Wild"	"Native"	2	"subspecies"
"Rosaceae"	"Rubus hypomalacus"	"Wild"	"Native"	2	"subspecies"
"Rosaceae"	"Rubus idaeus"	"Wild"	"Native"	1	"species"
"Rosaceae"	"Rubus ignoratus"	"Wild"	"Native"	3	"subspecies"
"Rosaceae"	"Rubus immodicus"	"Wild"	"Native"	4	"subspecies"
"Rosaceae"	"Rubus incisior"	"Wild"	"Native"	4	"subspecies"
"Rosaceae"	"Rubus incultus"	"Wild"	"Native"	3	"subspecies"
"Rosaceae"	"Rubus infrarugosus"	"Wild"	"Native"	3	"subspecies"
"Rosaceae"	"Rubus inopacatus"	"Wild"	"Native"	3	"subspecies"
"Rosaceae"	"Rubus insectifolius"	"Wild"	"Native"	2	"subspecies"
"Rosaceae"	"Rubus integribasis"	"Wild"	"Native"	1	"subspecies"
"Rosaceae"	"Rubus iuvenis"	"Wild"	"Native"	2	"subspecies"
"Rosaceae"	"Rubus koehleri"	"Introduced"	"Incidental import"	4	"subspecies"
"Rosaceae"	"Rubus laciniatus"	"Wild"	"Naturalized"	2	"subspecies"
"Rosaceae"	"Rubus langei"	"Wild"	"Native"	4	"subspecies"
"Rosaceae"	"Rubus lasiandrus"	"Wild"	"Native"	4	"subspecies"
"Rosaceae"	"Rubus laxiflorus"	"Wild"	"Native"	3	"subspecies"
"Rosaceae"	"Rubus leightonii"	"Wild"	"Native"	3	"subspecies"
"Rosaceae"	"Rubus lejeunei"	"Wild"	"Native"	2	"subspecies"
"Rosaceae"	"Rubus leptus"	"Wild"	"Native"	3	"subspecies"
"Rosaceae"	"Rubus lesdainii"	"Wild"	"Native"	3	"subspecies"
"Rosaceae"	"Rubus leucandrus"	"Wild"	"Native"	2	"synonym"
"Rosaceae"	"Rubus leucostachys"	"Wild"	"Native"	3	"subspecies"
"Rosaceae"	"Rubus libertianus"	"Wild"	"Native"	2	"subspecies"
"Rosaceae"	"Rubus lilacinus"	"Wild"	"Native"	3	"subspecies"
"Rosaceae"	"Rubus lindleianus"	"Wild"	"Native"	3	"subspecies"
"Rosaceae"	"Rubus loehrii"	"Wild"	"Native"	3	"subspecies"
"Rosaceae"	"Rubus louettensis"	"Wild"	"Native"	3	"subspecies"
"Rosaceae"	"Rubus luticola"	"Wild"	"Native"	2	"subspecies"
"Rosaceae"	"Rubus macrophyllus"	"Wild"	"Native"	1	"subspecies"
"Rosaceae"	"Rubus melanoxylon"	"Wild"	"Native"	3	"subspecies"
"Rosaceae"	"Rubus micans"	"Wild"	"Native"	4	"subspecies"
"Rosaceae"	"Rubus microdontus"	"Wild"	"Native"	3	"subspecies"
"Rosaceae"	"Rubus milfordensis"	"Wild"	"Native"	3	"subspecies"
"Rosaceae"	"Rubus montanus"	"Wild"	"Native"	3	"subspecies"
"Rosaceae"	"Rubus muelleri"	"Wild"	"Native"	3	"subspecies"
"Rosaceae"	"Rubus muridens"	"Wild"	"Native"	3	"subspecies"
"Rosaceae"	"Rubus nemorensis"	"Wild"	"Native"	4	"subspecies"
"Rosaceae"	"Rubus nemorosoides"	"Wild"	"Native"	4	"subspecies"
"Rosaceae"	"Rubus nemorosus"	"Wild"	"Native"	4	"subspecies"
"Rosaceae"	"Rubus nessensis"	"Wild"	"Native"	1	"subspecies"
"Rosaceae"	"Rubus neumannianus"	"Wild"	"Native"	3	"subspecies"
"Rosaceae"	"Rubus nigricatus"	"Wild"	"Native"	3	"subspecies"
"Rosaceae"	"Rubus nitidiformis"	"Wild"	"Native"	2	"synonym"
"Rosaceae"	"Rubus oblongifolius"	"Wild"	"Native"	3	"subspecies"
"Rosaceae"	"Rubus odoratus"	"Introduced"	"Incidental import"	4	"species"
"Rosaceae"	"Rubus omalodontos"	"Wild"	"Native"	3	"subspecies"
"Rosaceae"	"Rubus opacus"	"Wild"	"Native"	4	"subspecies"
"Rosaceae"	"Rubus oreades"	"Wild"	"Native"	3	"subspecies"
"Rosaceae"	"Rubus orthocladoides"	"Wild"	"Native"	3	"subspecies"
"Rosaceae"	"Rubus orthostachys"	"Wild"	"Native"	4	"subspecies"
"Rosaceae"	"Rubus pallidus"	"Wild"	"Native"	4	"subspecies"
"Rosaceae"	"Rubus parviflorus"	"Introduced"	"Incidental import"	4	"species"
"Rosaceae"	"Rubus patuliformis"	"Wild"	"Native"	2	"subspecies"
"Rosaceae"	"Rubus patulus"	"Wild"	"Native"	3	"subspecies"
"Rosaceae"	"Rubus pedemontanus"	"Wild"	"Native"	2	"subspecies"
"Rosaceae"	"Rubus perplexus"	"Wild"	"Native"	2	"subspecies"
"Rosaceae"	"Rubus phaeocarpus"	"Wild"	"Native"	3	"subspecies"
"Rosaceae"	"Rubus phoenicolasius"	"Wild"	"Naturalized"	3	"species"
"Rosaceae"	"Rubus phyllophorus"	"Wild"	"Native"	3	"subspecies"
"Rosaceae"	"Rubus phyllostachys"	"Wild"	"Native"	3	"subspecies"
"Rosaceae"	"Rubus placidus"	"Wild"	"Native"	4	"subspecies"
"Rosaceae"	"Rubus planus"	"Wild"	"Native"	3	"subspecies"
"Rosaceae"	"Rubus platyacanthus"	"Wild"	"Native"	2	"subspecies"
"Rosaceae"	"Rubus platybelus"	"Wild"	"Native"	3	"subspecies"
"Rosaceae"	"Rubus plicatus"	"Wild"	"Native"	2	"subspecies"
"Rosaceae"	"Rubus poliothyrsus"	"Wild"	"Native"	3	"subspecies"
"Rosaceae"	"Rubus polyanthemus"	"Wild"	"Native"	3	"subspecies"
"Rosaceae"	"Rubus praecox"	"Wild"	"Native"	2	"synonym"
"Rosaceae"	"Rubus praetextus"	"Wild"	"Native"	2	"subspecies"
"Rosaceae"	"Rubus prei"	"Wild"	"Native"	3	"subspecies"
"Rosaceae"	"Rubus procerus"	"Wild"	"Native"	2	"subspecies"
"Rosaceae"	"Rubus proiectus"	"Wild"	"Native"	2	"subspecies"
"Rosaceae"	"Rubus promachonicus"	"Wild"	"Native"	3	"synonym"
"Rosaceae"	"Rubus pseudogravetii"	"Wild"	"Native"	3	"subspecies"
"Rosaceae"	"Rubus psilander"	"Wild"	"Native"	3	"subspecies"
"Rosaceae"	"Rubus pulcher"	"Wild"	"Native"	3	"subspecies"
"Rosaceae"	"Rubus pyramidalis"	"Wild"	"Native"	1	"synonym"
"Rosaceae"	"Rubus radula"	"Wild"	"Native"	2	"subspecies"
"Rosaceae"	"Rubus raduliformis"	"Wild"	"Native"	2	"subspecies"
"Rosaceae"	"Rubus raduloides"	"Wild"	"Native"	3	"subspecies"
"Rosaceae"	"Rubus ripuaricus"	"Wild"	"Native"	4	"subspecies"
"Rosaceae"	"Rubus rivularis"	"Wild"	"Native"	2	"subspecies"
"Rosaceae"	"Rubus rosaceus"	"Wild"	"Native"	0	"subspecies"
"Rosaceae"	"Rubus rubicundus"	"Wild"	"Native"	3	"subspecies"
"Rosaceae"	"Rubus rudis"	"Wild"	"Native"	2	"subspecies"
"Rosaceae"	"Rubus rufescens"	"Wild"	"Native"	2	"subspecies"
"Rosaceae"	"Rubus saltuum"	"Wild"	"Native"	2	"subspecies"
"Rosaceae"	"Rubus saxatilis"	"Wild"	"Native"	4	"species"
"Rosaceae"	"Rubus saxicola"	"Wild"	"Native"	3	"subspecies"
"Rosaceae"	"Rubus scaber"	"Wild"	"Native"	3	"subspecies"
"Rosaceae"	"Rubus sciocharis"	"Wild"	"Native"	2	"subspecies"
"Rosaceae"	"Rubus scissus"	"Wild"	"Native"	1	"subspecies"
"Rosaceae"	"Rubus Sec. Corylifolii"	"Wild"	"Native"	2	"species"
"Rosaceae"	"Rubus sec. Corylifolii + Rubus sec. Rubus"	"Wild"	"Native"	1	"multispecies"
"Rosaceae"	"Rubus Sec. Rubus"	"Wild"	"Native"	1	"species"
"Rosaceae"	"Rubus semicarpinifolius"	"Wild"	"Native"	2	"subspecies"
"Rosaceae"	"Rubus senticosus"	"Wild"	"Native"	3	"subspecies"
"Rosaceae"	"Rubus serpens"	"Wild"	"Native"	2	"subspecies"
"Rosaceae"	"Rubus setchuenensis"	"Introduced"	"Incidental import"	4	"species"
"Rosaceae"	"Rubus sgen. Rubus"	"Wild"	"Native"	1	"multispecies"
"Rosaceae"	"Rubus silvaticus"	"Wild"	"Native"	4	"subspecies"
"Rosaceae"	"Rubus sp."	"Wild"	"Native"	1	"multispecies"
"Rosaceae"	"Rubus spectabilis"	"Wild"	"Naturalized"	3	"species"
"Rosaceae"	"Rubus speculatus"	"Wild"	"Native"	3	"subspecies"
"Rosaceae"	"Rubus splendidus"	"Wild"	"Native"	2	"subspecies"
"Rosaceae"	"Rubus sprengelii"	"Wild"	"Native"	2	"subspecies"
"Rosaceae"	"Rubus stenacanthus"	"Wild"	"Native"	3	"subspecies"
"Rosaceae"	"Rubus stereacanthos"	"Wild"	"Native"	3	"subspecies"
"Rosaceae"	"Rubus stereobelus"	"Wild"	"Native"	3	"subspecies"
"Rosaceae"	"Rubus subcarpinifolius"	"Wild"	"Native"	3	"subspecies"
"Rosaceae"	"Rubus subinermoides"	"Wild"	"Native"	3	"subspecies"
"Rosaceae"	"Rubus sulcatus"	"Wild"	"Native"	2	"subspecies"
"Rosaceae"	"Rubus taxandriae"	"Wild"	"Native"	2	"subspecies"
"Rosaceae"	"Rubus tereticaulis"	"Wild"	"Native"	3	"subspecies"
"Rosaceae"	"Rubus teretiusculus"	"Wild"	"Native"	3	"subspecies"
"Rosaceae"	"Rubus tricolor"	"Introduced"	"Incidental import"	4	"species"
"Rosaceae"	"Rubus ubericus"	"Wild"	"Native"	3	"subspecies"
"Rosaceae"	"Rubus ulmifolius"	"Wild"	"Native"	2	"subspecies"
"Rosaceae"	"Rubus umbrosus"	"Wild"	"Native"	1	"subspecies"
"Rosaceae"	"Rubus vandermeijdenii"	"Wild"	"Native"	3	"synonym"
"Rosaceae"	"Rubus vestitus"	"Wild"	"Native"	2	"subspecies"
"Rosaceae"	"Rubus vigorosus"	"Wild"	"Native"	3	"synonym"
"Rosaceae"	"Rubus viscosus"	"Wild"	"Native"	3	"subspecies"
"Rosaceae"	"Rubus winteri"	"Wild"	"Native"	3	"subspecies"
"Rosaceae"	"Rubus x idaeoides (R. idaeus x caesius)"	"Wild"	"Native"	3	"hybrid"
"Rosaceae"	"Sanguisorba minor"	"Wild"	"Native"	2	"synonym"
"Rosaceae"	"Sanguisorba minor subsp. minor"	"Wild"	"Native"	3	"synonym"
"Rosaceae"	"Sanguisorba officinalis"	"Wild"	"Native"	3	"species"
"Rosaceae"	"Sibbaldiopsis sp."	"Introduced"	"Incidental import"	4	"multispecies"
"Rosaceae"	"Sibbaldiopsis tridentata"	"Introduced"	"Incidental import"	4	"species"
"Rosaceae"	"Sorbaria arborea"	"Introduced"	"Incidental import"	4	"synonym"
"Rosaceae"	"Sorbaria kirilowii"	"Introduced"	"Incidental import"	4	"species"
"Rosaceae"	"Sorbaria sorbifolia"	"Wild"	"Naturalized"	2	"species"
"Rosaceae"	"Sorbaria sp."	"Wild"	"Native"	2	"multispecies"
"Rosaceae"	"Sorbaria tomentosa"	"Wild"	"Naturalized"	4	"species"
"Rosaceae"	"Sorbus aria"	"Wild"	"Native"	3	"species"
"Rosaceae"	"Sorbus aucuparia"	"Wild"	"Native"	1	"species"
"Rosaceae"	"Sorbus domestica"	"Introduced"	"Incidental import"	4	"species"
"Rosaceae"	"Sorbus hybrida"	"Introduced"	"Incidental import"	4	"species"
"Rosaceae"	"Sorbus intermedia"	"Introduced"	"Incidental import"	3	"species"
"Rosaceae"	"Sorbus latifolia"	"Introduced"	"Incidental import"	4	"species"
"Rosaceae"	"Sorbus sp."	"Wild"	"Native"	1	"multispecies"
"Rosaceae"	"Sorbus torminalis"	"Wild"	"Native"	3	"species"
"Rosaceae"	"Sorbus x liljeforsii (S. aucuparia x intermedia)"	"Introduced"	"Incidental import"	4	"hybrid"
"Rosaceae"	"Sorbus x thuringiaca (S. aria x aucuparia)"	"Wild"	"Native"	3	"hybrid"
"Rosaceae"	"Sorbus x tomentella (S. aria x torminalis)"	"Wild"	"Native"	4	"hybrid"
"Rosaceae"	"Spiraea alba"	"Wild"	"Naturalized"	3	"species"
"Rosaceae"	"Spiraea canescens"	"Introduced"	"Incidental import"	4	"species"
"Rosaceae"	"Spiraea chamaedryfolia"	"Wild"	"Naturalized"	3	"species"
"Rosaceae"	"Spiraea chamaedryfolia subsp. ulmifolia"	"Wild"	"Naturalized"	4	"subspecies"
"Rosaceae"	"Spiraea douglasii"	"Introduced"	"Incidental import"	2	"species"
"Rosaceae"	"Spiraea hypericifolia"	"Introduced"	"Incidental import"	4	"species"
"Rosaceae"	"Spiraea hypericifolia subsp. obovata"	"Introduced"	"Incidental import"	4	"subspecies"
"Rosaceae"	"Spiraea japonica"	"Introduced"	"Incidental import"	3	"species"
"Rosaceae"	"Spiraea nipponica"	"Introduced"	"Incidental import"	4	"species"
"Rosaceae"	"Spiraea salicifolia"	"Introduced"	"Incidental import"	4	"species"
"Rosaceae"	"Spiraea sp."	"Wild"	"Native"	1	"multispecies"
"Rosaceae"	"Spiraea thunbergii"	"Introduced"	"Incidental import"	4	"species"
"Rosaceae"	"Spiraea tomentosa"	"Wild"	"Naturalized"	3	"species"
"Rosaceae"	"Spiraea trilobata"	"Introduced"	"Incidental import"	4	"species"
"Rosaceae"	"Spiraea x arguta (S. multiflora x  thunbergii)"	"Introduced"	"Incidental import"	3	"hybrid"
"Rosaceae"	"Spiraea x billardii (S. alba x douglasii)"	"Wild"	"Naturalized"	2	"hybrid"
"Rosaceae"	"Spiraea x brachybotrys (S. canescens x douglasii)"	"Introduced"	"Incidental import"	4	"hybrid"
"Rosaceae"	"Spiraea x bumalda (S. alba x japonica)"	"Introduced"	"Incidental import"	4	"hybrid"
"Rosaceae"	"Spiraea x macrothyrsa (S. douglasii x latifolia)"	"Introduced"	"Incidental import"	3	"hybrid"
"Rosaceae"	"Spiraea x pseudosalicifolia (S. douglasii x salicifolia)"	"Introduced"	"Incidental import"	3	"hybrid"
"Rosaceae"	"Spiraea x rosalba (S. alba x salicifolia)"	"Wild"	"Naturalized"	3	"hybrid"
"Rosaceae"	"Spiraea x vanhouttei (S. cantoniensis x trilobata)"	"Introduced"	"Incidental import"	3	"hybrid"
"Rosaceae"	"Stranvaesia davidiana"	"Introduced"	"Incidental import"	4	"species"
"Rosaceae"	"Stranvaesia sp."	"Introduced"	"Incidental import"	4	"multispecies"
"Rosaceae"	"Waldsteinia sp."	"Introduced"	"Incidental import"	3	"multispecies"
"Rosaceae"	"Waldsteinia ternata"	"Introduced"	"Incidental import"	3	"species"
"Rosaceae"	"x Crataemespilus grandiflora"	"Introduced"	"Incidental import"	4	"hybrid"
"Ulmaceae"	"Ulmaceae sp."	"Wild"	"Native"	2	"multispecies"
"Ulmaceae"	"Ulmus glabra"	"Wild"	"Native"	2	"species"
"Ulmaceae"	"Ulmus laevis"	"Wild"	"Native"	3	"species"
"Ulmaceae"	"Ulmus minor"	"Wild"	"Native"	2	"species"
"Ulmaceae"	"Ulmus minor subsp. procera"	"Wild"	"Native"	3	"synonym"
"Ulmaceae"	"Ulmus minor var. cornubiensis"	"Wild"	"Native"	3	"variant"
"Ulmaceae"	"Ulmus minor var. minor"	"Wild"	"Native"	2	"variant"
"Ulmaceae"	"Ulmus procera"	"Wild"	"Native"	0	"species"
"Ulmaceae"	"Ulmus sp."	"Wild"	"Native"	1	"multispecies"
"Ulmaceae"	"Ulmus x hollandica (U. glabra x minor)"	"Wild"	"Native"	1	"hybrid"
"Ulmaceae"	"Zelkova serrata"	"Introduced"	"Incidental import"	4	"species"
"Ulmaceae"	"Zelkova sp."	"Introduced"	"Incidental import"	4	"multispecies"
"Urticaceae"	"Laportea aestuans"	"Introduced"	"Incidental import"	4	"species"
"Urticaceae"	"Laportea sp."	"Introduced"	"Incidental import"	4	"multispecies"
"Urticaceae"	"Parietaria judaica"	"Wild"	"Native"	3	"species"
"Urticaceae"	"Parietaria officinalis"	"Wild"	"Native"	3	"species"
"Urticaceae"	"Parietaria sp."	"Wild"	"Native"	3	"multispecies"
"Urticaceae"	"Pilea hyalina"	"Introduced"	"Incidental import"	4	"species"
"Urticaceae"	"Pilea microphylla"	"Introduced"	"Incidental import"	4	"species"
"Urticaceae"	"Pilea peperomioides"	"Introduced"	"Incidental import"	4	"species"
"Urticaceae"	"Pilea sp."	"Introduced"	"Incidental import"	4	"multispecies"
"Urticaceae"	"Soleirolia soleirolii"	"Wild"	"Naturalized"	3	"species"
"Urticaceae"	"Soleirolia sp."	"Wild"	"Naturalized"	3	"multispecies"
"Urticaceae"	"Urtica dioica"	"Wild"	"Native"	1	"species"
"Urticaceae"	"Urtica incisa"	"Introduced"	"Incidental import"	4	"species"
"Urticaceae"	"Urtica membranacea"	"Introduced"	"Incidental import"	4	"species"
"Urticaceae"	"Urtica pilulifera"	"Introduced"	"Incidental import"	4	"species"
"Urticaceae"	"Urtica sp."	"Wild"	"Native"	2	"multispecies"
"Urticaceae"	"Urtica urens"	"Wild"	"Native"	1	"species"
"Urticaceae"	"Urticaceae sp."	"Wild"	"Native"	1	"multispecies"
